Date,Time,odo mi,Duration,dist mi,elv ft,Energy,Gids,SGids,EGids,AHr,SOH,Hx,SHVolt,EHVolt,Drive,Regen,Charge,L1/L2,QC
12/01/2016,19:05:05,38534.3,01:00:17,29.2,0,10273,134,231,97,55.990,85%,71.45,0.00,0.00,10273,-666,0,2287,67
12/01/2016,20:09:21,38563.5,03:35:36,0.0,0,-10278,-135,95,230,56.029,85%,71.45,369.50,369.50,10273,0,-10278,2288,67
12/02/2016,5:45:05,38563.5,00:24:55,0.0,0,214,2,230,228,56.029,85%,71.45,392.50,392.50,10273,0,-10064,2289,67
12/02/2016,6:25:53,38563.5,00:13:15,9.3,0,3244,44,228,184,56.029,85%,71.49,392.50,392.50,3244,-248,-10064,2289,67
12/02/2016,15:38:08,38572.8,00:16:34,9.9,0,3887,51,184,133,56.042,85%,71.49,384.00,384.00,3887,-270,-10064,2289,67
12/02/2016,16:52:57,38582.8,00:14:38,6.2,0,2173,28,170,142,56.042,85%,71.50,384.00,384.00,2173,-311,0,2290,67
12/02/2016,17:58:40,38589.0,01:00:45,19.9,0,7298,93,142,49,56.049,85%,71.45,379.50,379.50,7298,-758,0,2290,67
12/02/2016,19:01:43,38608.9,04:37:00,0.0,0,-14447,-187,48,235,56.029,85%,71.45,360.00,360.00,7298,0,-14447,2291,67
12/03/2016,9:41:29,38608.9,00:13:39,7.5,0,3217,40,234,194,56.029,85%,71.45,392.50,392.50,3217,-142,-14447,2291,67
12/03/2016,10:05:38,38616.3,00:03:41,1.2,0,531,7,193,186,56.029,85%,71.45,384.00,384.00,531,-12,-14447,2291,67
12/03/2016,10:16:04,38617.6,00:12:20,7.5,0,2883,38,185,147,56.029,85%,71.48,383.50,383.50,2883,-311,-14447,2291,67
12/04/2016,13:27:26,38625.0,00:46:02,23.6,0,6135,81,233,152,56.042,85%,71.48,384.00,384.00,6135,-846,0,2295,67
12/04/2016,14:55:39,38648.7,00:03:56,0.6,0,178,0,151,151,56.042,85%,71.48,380.00,380.00,178,-32,0,2295,67
12/04/2016,17:02:32,38649.3,00:01:57,0.6,0,211,1,150,149,56.042,85%,71.48,384.00,384.00,211,-22,0,2295,67
12/04/2016,17:19:21,38649.9,00:27:10,22.4,0,7802,105,148,43,56.042,85%,71.48,384.00,384.00,7802,-557,0,2295,67
12/05/2016,6:24:05,38672.3,00:14:46,9.3,0,3619,47,228,181,56.042,85%,71.48,384.00,384.00,3619,-143,0,2297,67
12/05/2016,15:10:32,38681.6,00:15:01,9.9,0,3084,41,180,139,56.042,85%,71.48,379.50,379.50,3084,-500,0,2297,67
12/05/2016,15:26:10,38691.5,01:18:52,0.0,0,-3599,-49,137,186,56.042,85%,71.48,374.50,374.50,3084,0,-3599,2298,67
12/05/2016,16:45:32,38691.5,00:22:50,15.5,0,5213,66,185,119,56.042,85%,71.52,385.00,385.00,5213,-353,-3599,2298,67
12/05/2016,18:09:08,38707.1,00:28:33,16.8,0,5468,72,118,46,56.055,85%,71.52,376.00,376.00,5468,-472,-3599,2298,67
12/06/2016,13:01:54,38743.1,00:16:29,9.3,0,2079,26,171,145,56.055,85%,71.52,376.00,376.00,2079,-446,0,2305,67
12/07/2016,17:41:00,38792.8,02:25:14,0.0,0,-5107,-21,157,178,56.055,85%,71.52,376.00,376.00,0,0,-5115,2316,67
12/08/2016,6:22:30,38792.8,00:14:16,9.9,0,3373,44,226,182,56.055,85%,71.52,376.00,376.00,3373,-155,0,2317,67
12/08/2016,16:46:15,38802.8,00:13:14,9.3,0,3839,50,181,131,56.055,85%,71.52,376.00,376.00,3839,-272,0,2317,67
12/09/2016,6:28:45,38812.1,00:21:25,9.9,0,3484,45,224,179,56.055,85%,71.52,376.00,376.00,3484,-140,0,2319,67
12/09/2016,16:03:23,38822.0,00:16:28,9.3,0,3880,49,178,129,56.055,85%,71.52,376.00,376.00,3880,-311,0,2319,67
12/09/2016,18:27:40,38831.3,00:42:50,19.3,0,6352,80,200,120,56.055,85%,71.52,376.00,376.00,6352,-474,0,2320,67
12/09/2016,20:13:28,38850.6,00:40:03,18.6,0,6410,88,118,30,56.055,85%,71.52,376.00,376.00,6410,-627,0,2320,67
12/10/2016,10:57:07,38869.2,00:30:05,20.5,0,8171,106,236,130,56.055,85%,71.52,376.00,376.00,8171,-294,0,2322,67
12/10/2016,12:20:22,38889.7,00:12:42,3.7,0,1178,14,129,115,56.055,85%,71.52,376.00,376.00,1178,-187,0,2322,67
12/10/2016,12:36:42,38893.5,00:13:10,7.5,0,1926,27,114,87,56.055,85%,71.52,376.00,376.00,1926,-471,0,2322,67
12/10/2016,13:17:12,38900.9,00:17:00,6.8,0,2575,32,179,147,56.055,85%,71.52,376.00,376.00,2575,-323,0,2322,68
12/10/2016,19:45:55,38907.8,00:41:27,33.6,0,11911,156,229,73,56.055,85%,71.53,376.00,376.00,11911,-463,0,2323,68
12/11/2016,18:19:52,38941.3,00:30:10,13.7,0,5333,71,232,161,56.062,85%,71.53,376.00,376.00,5333,-306,0,2325,68
12/12/2016,6:27:48,38955.0,00:14:19,9.3,0,3354,45,228,183,56.062,85%,71.53,376.00,376.00,3354,-171,0,2327,68
12/12/2016,15:43:01,38964.3,00:15:32,9.9,0,3659,47,182,135,56.062,85%,71.53,376.00,376.00,3659,-285,0,2327,68
12/12/2016,18:29:44,38974.2,00:13:52,7.5,0,2781,35,235,200,56.062,85%,71.53,376.00,376.00,2781,-167,0,2328,68
12/12/2016,19:19:50,38981.7,00:12:42,6.8,0,2615,34,199,165,56.062,85%,71.55,376.00,376.00,2615,-248,0,2328,68
12/13/2016,6:21:21,38988.5,00:14:36,9.9,0,3201,43,231,188,56.068,85%,71.55,376.00,376.00,3201,-173,0,2330,68
12/13/2016,10:46:41,38998.5,00:14:08,9.9,0,3934,50,187,137,56.068,85%,71.55,376.00,376.00,3934,-210,0,2330,68
12/14/2016,6:21:49,39008.4,00:14:34,9.3,0,3137,42,224,182,56.068,85%,71.55,376.00,376.00,3137,-156,0,2332,68
12/14/2016,15:22:23,39017.7,00:14:10,9.9,0,4092,52,181,129,56.068,85%,71.55,376.00,376.00,4092,-274,0,2332,68
12/14/2016,16:41:18,39027.7,00:23:30,15.5,0,5103,64,170,106,56.068,85%,71.55,376.00,376.00,5103,-395,0,2333,68
12/14/2016,18:08:31,39043.2,00:11:05,5.6,0,2698,32,105,73,56.068,85%,71.55,376.00,376.00,2698,-153,0,2333,68
12/14/2016,18:27:18,39048.8,00:15:02,11.8,0,3838,51,72,21,56.068,85%,71.55,376.00,376.00,3838,-486,0,2333,68
12/15/2016,6:16:46,39060.6,00:13:46,9.3,0,2930,37,226,189,56.068,85%,71.55,376.00,376.00,2930,-250,0,2335,68
12/15/2016,15:34:28,39069.9,00:16:21,9.9,0,3685,47,188,141,56.068,85%,71.55,376.00,376.00,3685,-291,0,2335,68
12/15/2016,18:53:23,39092.9,00:12:27,7.5,0,2669,34,156,122,56.068,85%,71.58,376.00,376.00,2669,-113,0,2336,68
12/15/2016,19:29:38,39100.4,00:03:02,0.6,0,423,4,120,116,56.081,85%,71.60,376.00,376.00,423,-40,0,2336,68
12/15/2016,19:56:48,39101.0,00:33:15,12.4,0,3571,47,116,69,56.088,85%,71.64,376.00,376.00,3571,-580,0,2336,68
12/16/2016,6:19:18,39113.4,00:13:22,9.9,0,3285,44,228,184,56.101,85%,71.64,376.00,376.00,3285,-152,0,2338,68
12/16/2016,15:29:48,39123.4,00:15:29,9.9,0,4318,56,183,127,56.101,85%,71.64,376.00,376.00,4318,-264,0,2338,68
12/16/2016,16:19:38,39133.3,00:26:14,8.1,0,3869,50,147,97,56.101,85%,71.64,376.00,376.00,3869,-303,0,2339,68
12/16/2016,17:18:17,39141.4,00:15:26,7.5,0,3054,38,94,56,56.101,85%,71.64,376.00,376.00,3054,-173,0,2339,68
12/16/2016,17:41:25,39148.9,00:06:29,0.0,0,-2504,-33,85,118,56.101,85%,71.64,0.00,376.00,0,-2504,-2504,2339,69
12/16/2016,18:15:22,39153.8,00:32:41,18.6,0,4762,61,88,27,56.101,85%,71.64,376.00,376.00,4762,-929,0,2339,69
12/17/2016,10:55:50,39172.5,00:20:50,8.1,0,3496,45,227,182,56.101,85%,71.64,376.00,376.00,3496,-161,0,2341,69
12/17/2016,11:41:43,39180.5,00:14:14,7.5,0,2887,37,181,144,56.101,85%,71.64,376.00,376.00,2887,-260,0,2341,69
12/17/2016,12:48:35,39188.0,00:27:28,8.7,0,2273,28,161,133,56.101,85%,71.64,376.00,376.00,2273,-528,0,2342,69
12/17/2016,13:33:27,39196.7,00:16:22,7.5,0,2831,36,132,96,56.101,85%,71.64,376.00,376.00,2831,-378,0,2342,69
12/18/2016,9:59:42,39204.2,00:46:18,25.5,0,9364,122,221,99,56.101,85%,71.64,376.00,376.00,9364,-473,0,2345,69
12/18/2016,16:27:40,39230.3,00:39:43,25.5,0,8934,117,237,120,56.101,85%,71.67,376.00,370.78,8934,-502,0,2346,69
12/18/2016,19:58:26,39255.7,00:10:52,6.2,0,2380,31,230,199,56.114,85%,71.68,376.00,376.00,2380,-183,0,2347,69
12/18/2016,20:21:37,39261.9,00:11:12,6.2,0,1945,24,198,174,56.121,85%,71.75,376.00,376.00,1945,-290,0,2347,69
12/19/2016,6:23:53,39268.2,00:18:07,9.9,0,3113,42,230,188,56.147,85%,71.75,376.00,376.00,3113,-293,0,2349,69
12/19/2016,15:51:39,39278.1,00:21:15,12.4,0,4596,59,187,128,56.147,85%,71.75,376.00,376.00,4596,-451,0,2349,69
12/20/2016,6:27:16,39290.5,00:14:55,9.3,0,3020,39,226,187,56.147,85%,71.75,376.00,376.00,3020,-231,0,2351,69
12/20/2016,15:41:28,39303.0,00:09:54,6.8,0,2022,28,169,141,56.147,85%,71.75,376.00,376.00,2022,-269,0,2351,69
12/21/2016,6:28:56,39309.8,00:13:43,9.9,0,3360,44,227,183,56.147,85%,71.75,376.00,378.43,3360,-159,0,2353,69
12/21/2016,12:48:08,39319.7,00:13:24,9.3,0,3829,49,182,133,56.147,85%,71.75,376.00,376.00,3829,-291,0,2353,69
12/21/2016,14:03:41,39329.1,00:55:43,17.4,0,6469,85,171,86,56.147,85%,71.76,376.00,376.00,6469,-483,0,2354,69
12/21/2016,17:23:22,39346.5,00:53:41,21.7,0,6574,85,184,99,56.154,85%,71.96,376.00,376.00,6574,-460,0,2355,69
12/21/2016,18:35:14,39368.2,00:16:12,13.0,0,5377,70,99,29,56.232,85%,71.96,376.00,376.00,5377,-462,0,2355,69
12/22/2016,6:21:42,39381.2,00:13:45,9.3,0,3178,40,227,187,56.232,85%,71.96,376.00,376.00,3178,-243,0,2357,69
12/22/2016,14:29:37,39393.1,00:09:33,7.5,0,2414,33,172,139,56.232,85%,71.96,376.00,376.00,2414,-243,0,2357,69
12/22/2016,16:35:27,39400.5,00:34:52,14.3,0,4618,61,217,156,56.232,85%,71.96,376.00,376.00,4618,-502,0,2358,69
12/23/2016,10:52:23,39414.8,00:33:32,18.0,0,6555,86,227,141,56.232,85%,71.96,376.00,376.00,6555,-364,0,2361,69
12/23/2016,11:36:44,39432.8,00:07:28,1.2,0,405,4,140,136,56.232,85%,71.96,376.00,376.00,405,-108,0,2361,69
12/23/2016,12:46:28,39434.1,00:33:33,19.3,0,7234,93,135,42,56.232,85%,71.96,376.00,376.00,7234,-599,0,2361,69
12/24/2016,17:30:19,39453.3,00:34:03,25.5,0,10153,131,233,102,56.232,85%,71.96,376.00,376.00,10153,-433,0,2363,69
12/26/2016,13:18:22,39478.8,01:19:18,35.4,0,11338,149,227,78,56.232,85%,71.96,376.00,375.00,11338,-1321,0,2365,69
12/26/2016,15:58:22,39514.2,00:09:29,3.1,0,1583,17,75,58,56.232,85%,71.96,376.00,376.00,1583,-63,0,2365,69
12/26/2016,18:35:46,39517.3,00:07:12,2.5,0,987,13,150,137,56.232,85%,71.96,376.00,376.00,987,-89,0,2366,69
12/26/2016,20:09:59,39519.8,00:11:45,5.6,0,2113,25,136,111,56.232,85%,71.96,376.00,376.00,2113,-113,0,2366,69
12/26/2016,20:22:27,39060.6,00:14:43,464.8,0,-4001,-51,110,161,56.232,85%,71.96,376.00,376.00,0,-4001,-4001,2366,70
12/26/2016,20:37:52,39525.4,00:23:09,18.0,0,6165,80,161,81,56.232,85%,71.96,376.00,376.00,6165,-254,-4001,2366,70
12/26/2016,21:28:22,39543.4,00:15:48,11.2,0,5542,67,80,13,56.232,85%,71.96,376.00,376.00,5542,-375,0,2366,70
12/27/2016,10:17:18,39554.6,00:12:51,7.5,0,1979,26,225,199,56.232,85%,71.96,376.00,376.00,1979,-322,0,2368,70
12/27/2016,11:20:58,39562.1,00:13:51,6.8,0,2100,27,198,171,56.232,85%,71.96,376.00,376.00,2100,-366,0,2368,70
12/28/2016,14:57:33,39568.9,00:43:15,26.1,0,8541,111,227,116,56.232,85%,71.96,376.00,376.00,8541,-500,0,2370,70
12/28/2016,16:46:56,39595.0,00:21:20,15.5,0,4296,54,159,105,56.232,85%,72.01,376.00,376.00,4296,-551,0,2371,70
12/28/2016,18:05:23,39612.4,00:05:01,3.7,0,750,10,90,80,56.252,85%,72.01,376.00,376.00,750,-175,0,2371,70
12/28/2016,18:36:26,39616.1,00:15:03,11.2,0,4298,54,79,25,56.252,85%,72.01,376.00,376.00,4298,-416,0,2371,70
12/29/2016,9:47:46,39627.9,00:36:12,28.0,0,9006,118,224,106,56.252,85%,72.09,376.00,376.00,9006,-408,0,2373,70
12/29/2016,17:20:43,39659.6,00:29:26,17.4,0,5644,73,228,155,56.285,85%,72.15,376.00,376.00,5644,-337,0,2376,70
12/29/2016,18:20:01,39677.6,00:16:39,11.2,0,3932,51,153,102,56.304,85%,72.24,376.00,376.00,3932,-381,0,2376,70
12/30/2016,15:03:05,39688.8,00:15:12,9.9,0,4499,60,228,168,56.344,85%,72.24,392.50,392.50,4499,-163,0,2378,70
12/30/2016,15:34:48,39698.8,00:14:21,3.1,0,944,11,167,156,56.344,85%,72.24,376.00,376.00,944,-186,0,2378,70
12/30/2016,16:29:25,39701.9,00:19:09,11.8,0,4973,67,153,86,56.344,85%,72.27,376.00,376.00,4973,-438,0,2378,70
12/30/2016,20:18:59,39713.7,00:32:55,21.7,0,7868,103,231,128,56.357,85%,72.29,376.00,376.00,7868,-385,0,2379,70
12/31/2016,0:18:14,39736.7,00:21:07,15.5,0,5723,77,121,44,56.363,85%,72.29,376.00,376.00,5723,-407,0,2379,70
12/31/2016,12:56:32,39752.2,00:15:08,11.8,0,4797,64,233,169,56.363,85%,72.29,376.00,376.00,4797,-164,0,2381,70
12/31/2016,13:29:16,39764.0,00:55:59,29.2,0,9554,133,168,35,56.363,85%,72.30,376.00,376.00,9554,-955,0,2381,70
12/31/2016,20:03:14,39793.2,00:03:40,1.2,0,283,5,112,107,56.363,85%,72.32,376.00,376.00,283,-46,0,2382,70
12/31/2016,20:58:12,39794.5,00:17:12,6.8,0,1963,28,107,79,56.377,85%,72.32,376.00,376.00,1963,-211,0,2382,70
12/31/2016,21:41:25,39801.3,00:33:51,28.0,0,9314,120,169,49,56.377,85%,72.36,376.00,376.00,9314,-549,0,2382,71
01/01/2017,18:26:58,39829.3,00:35:35,25.5,0,10317,136,234,98,56.390,85%,72.36,376.00,376.00,10317,-384,0,2383,71
01/03/2017,10:18:07,39854.7,00:13:44,6.8,0,2371,30,225,195,56.390,85%,72.36,376.00,376.00,2371,-82,0,2387,71
01/03/2017,11:14:03,39861.6,00:13:01,6.2,0,2339,30,194,164,56.390,85%,72.36,376.00,376.00,2339,-166,0,2387,71
01/04/2017,11:25:35,39867.8,00:32:23,25.5,0,8371,110,217,107,56.390,85%,72.36,376.00,376.00,8371,-559,0,2390,71
01/04/2017,12:56:14,39893.3,00:35:45,28.6,0,8100,103,153,50,56.390,85%,72.36,376.00,376.00,8100,-804,0,2391,71
01/04/2017,17:51:13,39921.8,00:14:16,5.6,0,1851,24,176,152,56.390,85%,72.41,376.00,376.00,1851,-261,0,2393,71
01/04/2017,20:44:41,39927.4,00:48:27,33.6,0,10382,146,151,5,56.409,85%,72.41,376.00,376.00,10382,-725,0,2393,71
01/05/2017,6:11:25,39961.0,00:14:06,9.9,0,3349,43,224,181,56.409,85%,72.41,376.00,376.00,3349,-188,0,2395,71
01/05/2017,15:49:06,39971.6,00:13:11,9.3,0,3956,50,179,129,56.409,85%,72.41,376.00,376.00,3956,-241,0,2395,71
01/05/2017,18:29:09,39980.9,00:15:00,6.2,0,2569,34,230,196,56.409,85%,72.41,376.00,376.00,2569,-121,0,2396,71
01/05/2017,19:26:33,39987.1,00:12:42,6.8,0,2517,34,195,161,56.409,85%,72.41,376.00,376.00,2517,-275,0,2396,71
01/06/2017,6:29:29,39993.9,00:13:52,9.9,0,3313,43,228,185,56.409,85%,72.41,376.00,376.00,3313,-124,0,2398,71
01/06/2017,15:00:41,40005.1,00:15:27,9.3,0,3738,47,180,133,56.409,85%,72.41,376.00,376.00,3738,-261,0,2398,71
01/07/2017,9:56:22,40014.4,00:10:29,5.0,0,2899,38,230,192,56.409,85%,72.41,376.00,376.00,2899,-29,0,2399,71
01/07/2017,11:10:27,40020.0,00:09:20,6.2,0,2827,38,191,153,56.409,85%,72.41,376.00,376.00,2827,-119,0,2399,71
01/07/2017,14:42:54,40026.2,00:36:04,25.5,0,8720,113,228,115,56.409,85%,72.51,376.00,376.00,8720,-413,0,2400,71
01/07/2017,15:49:58,39060.6,00:05:21,991.1,0,-12985,-12,176,188,56.449,86%,72.51,376.00,376.00,0,-863,-12985,2400,72
01/07/2017,15:57:31,40051.7,00:54:10,36.0,0,11539,153,187,34,56.449,86%,72.51,376.00,376.00,11539,-677,-12985,2400,72
01/07/2017,18:21:25,40087.8,00:15:20,1.9,0,431,8,91,83,56.449,86%,72.51,376.00,376.00,431,-135,0,2401,72
01/07/2017,21:29:22,40089.6,00:39:19,31.1,0,8285,105,171,66,56.449,86%,72.54,376.00,376.00,8285,-434,0,2403,72
01/07/2017,22:09:11,40120.7,00:17:36,0.0,0,-7569,-96,67,163,56.462,86%,72.54,360.00,360.00,8285,-7569,-7569,2403,73
01/07/2017,22:27:32,40120.7,00:31:34,28.0,0,9464,127,163,36,56.462,86%,72.64,360.00,360.00,9464,-641,-7569,2403,73
01/07/2017,23:00:13,40148.6,05:04:24,0.0,0,-14966,-203,32,235,56.501,86%,72.64,349.00,349.00,9464,0,-22536,2404,73
01/08/2017,15:02:43,40148.6,00:04:20,0.0,0,208,1,234,233,56.501,86%,72.64,393.00,393.00,9464,0,-22328,2405,73
01/08/2017,15:08:06,40148.6,00:19:45,12.4,0,4984,66,232,166,56.501,86%,72.64,392.00,392.00,4984,-260,-22328,2405,73
01/08/2017,18:08:07,40161.1,00:20:24,12.4,0,4659,59,165,106,56.501,86%,72.64,376.00,376.00,4659,-472,0,2405,73
01/09/2017,6:19:56,40173.5,00:16:10,9.9,0,2978,38,229,191,56.501,86%,72.64,376.00,376.00,2978,-233,0,2407,73
01/09/2017,9:47:25,40183.4,00:20:16,13.0,0,4702,60,190,130,56.501,86%,72.64,376.00,376.00,4702,-430,0,2407,73
01/09/2017,10:17:27,40196.5,00:09:25,6.2,0,2303,30,129,99,56.501,86%,72.64,376.00,376.00,2303,-349,0,2407,73
01/09/2017,14:25:16,40202.7,00:02:06,0.6,0,164,1,98,97,56.501,86%,72.64,376.00,376.00,164,-25,0,2407,73
01/09/2017,15:17:34,40203.3,00:13:18,9.3,0,3480,46,93,47,56.501,86%,72.64,376.00,376.00,3480,-476,0,2407,73
01/10/2017,6:19:58,40212.6,00:14:42,9.9,0,2899,37,227,190,56.501,86%,72.64,376.00,376.00,2899,-232,0,2409,73
01/10/2017,13:52:14,40222.6,00:21:23,8.7,0,3195,40,189,149,56.501,86%,72.64,376.00,376.00,3195,-248,0,2409,73
01/10/2017,14:34:46,40231.3,00:19:29,11.2,0,3373,41,148,107,56.501,86%,72.64,376.00,376.00,3373,-469,0,2409,73
01/10/2017,15:32:09,40242.5,00:15:30,9.3,0,4172,56,106,50,56.501,86%,72.64,376.00,376.00,4172,-475,0,2409,73
01/11/2017,6:25:00,40251.8,00:14:19,9.9,0,3480,47,232,185,56.501,86%,72.64,376.00,376.00,3480,-147,0,2411,73
01/11/2017,15:39:39,40261.7,00:14:58,9.9,0,3885,50,184,134,56.501,86%,72.64,376.00,376.00,3885,-314,0,2411,73
01/11/2017,17:10:53,40271.7,00:21:18,15.5,0,5459,70,185,115,56.501,86%,72.64,376.00,376.00,5459,-322,0,2412,73
01/12/2017,6:20:21,40303.4,00:14:32,9.3,0,2738,34,229,195,56.501,86%,72.64,376.00,376.00,2738,-217,0,2414,73
01/12/2017,15:14:25,40312.7,00:11:51,5.0,0,1405,19,194,175,56.501,86%,72.64,376.00,376.00,1405,-282,0,2414,73
01/12/2017,15:30:49,40318.3,00:17:02,12.4,0,4405,56,174,118,56.501,86%,72.64,376.00,376.00,4405,-320,0,2414,73
01/13/2017,6:20:07,40330.7,00:13:35,9.9,0,3009,39,225,186,56.501,86%,72.64,376.00,376.00,3009,-203,0,2416,73
01/13/2017,15:28:39,40340.6,00:15:49,9.9,0,3633,45,185,140,56.501,86%,72.64,376.00,372.50,3633,-329,0,2416,73
01/14/2017,10:50:26,40350.6,00:20:58,13.0,0,4637,63,222,159,56.501,86%,72.64,376.00,376.00,4637,-439,0,2417,73
01/14/2017,19:30:00,40363.6,00:12:54,6.2,0,2641,33,229,196,56.501,86%,72.64,376.00,376.00,2641,-76,0,2418,73
01/14/2017,20:14:29,40369.9,00:12:52,6.8,0,2483,32,195,163,56.501,86%,72.64,376.00,376.00,2483,-201,0,2418,73
01/15/2017,10:13:50,40376.7,00:10:03,5.6,0,2083,26,223,197,56.501,86%,72.64,376.00,376.00,2083,-69,0,2420,73
01/15/2017,11:16:45,40382.3,00:10:21,6.2,0,2464,32,196,164,56.501,86%,72.64,376.00,376.00,2464,-211,0,2420,73
01/16/2017,8:19:05,40388.5,00:41:02,27.3,0,10063,131,225,94,56.501,86%,72.64,376.00,376.00,10063,-613,0,2423,73
01/17/2017,6:27:19,40415.8,00:14:42,9.3,0,3242,42,228,186,56.501,86%,72.64,376.00,376.00,3242,-180,0,2425,73
01/17/2017,15:37:02,40425.2,00:16:26,9.9,0,4070,54,185,131,56.501,86%,72.64,376.00,376.00,4070,-314,0,2425,73
01/18/2017,6:22:50,40435.1,00:13:51,9.9,0,3122,40,230,190,56.501,86%,72.64,376.00,376.00,3122,-224,0,2427,73
01/18/2017,15:49:31,40445.0,00:14:13,9.3,0,3446,45,189,144,56.501,86%,72.63,376.00,376.00,3446,-399,0,2427,73
01/18/2017,17:03:17,40454.4,00:21:40,16.2,0,4761,60,182,122,56.495,86%,72.58,376.00,376.00,4761,-520,0,2428,73
01/18/2017,18:40:58,40470.5,00:09:31,5.0,0,2064,26,121,95,56.475,86%,72.58,376.00,376.00,2064,-226,0,2428,73
01/18/2017,19:15:07,40475.5,00:16:02,11.8,0,4691,59,94,35,56.475,86%,72.58,376.00,376.00,4691,-402,0,2428,73
01/19/2017,6:22:06,40487.3,00:23:01,13.7,0,4421,58,229,171,56.475,86%,72.63,376.00,376.00,4421,-441,0,2430,73
01/19/2017,16:51:47,40509.0,00:16:51,12.4,0,3989,52,133,81,56.488,86%,72.61,376.00,376.00,3989,-432,0,2430,73
01/20/2017,5:51:18,40521.5,00:21:17,16.8,0,6865,90,234,144,56.488,86%,72.61,376.00,376.00,6865,-303,0,2432,73
01/20/2017,7:32:33,40538.2,00:14:27,9.3,0,2878,35,143,108,56.488,86%,72.70,376.00,376.00,2878,-340,0,2432,73
01/20/2017,15:52:55,40547.6,00:13:54,9.3,0,3034,39,107,68,56.528,86%,72.70,376.00,376.00,3034,-597,0,2432,73
01/21/2017,10:29:10,40556.9,00:18:35,13.0,0,4770,63,238,175,56.528,86%,72.70,376.00,376.00,4770,-157,0,2433,73
01/21/2017,13:30:51,40569.9,00:17:02,12.4,0,3666,45,171,126,56.528,86%,72.67,376.00,376.00,3666,-449,0,2433,73
01/21/2017,18:04:26,40582.4,00:10:46,5.0,0,1987,27,230,203,56.514,86%,72.66,376.00,376.00,1987,-183,0,2434,73
01/21/2017,18:17:21,40587.3,00:05:03,1.9,0,413,3,202,199,56.508,86%,72.66,376.00,376.00,413,-125,0,2434,73
01/21/2017,18:27:15,40589.2,00:11:05,6.2,0,2348,32,198,166,56.508,86%,72.65,376.00,376.00,2348,-295,0,2434,73
01/22/2017,17:33:13,40595.4,00:11:23,6.8,0,2660,36,232,196,56.508,86%,72.65,376.00,376.00,2660,-137,0,2436,73
01/22/2017,17:57:53,40602.2,00:45:12,6.8,0,3868,51,195,144,56.508,86%,72.65,376.00,376.00,3868,-264,0,2436,73
01/23/2017,6:19:01,40609.1,00:13:29,9.3,0,3004,38,227,189,56.508,86%,72.65,376.00,376.00,3004,-144,0,2438,73
01/23/2017,15:48:26,40619.0,00:12:26,9.3,0,3396,45,186,141,56.508,86%,72.65,376.00,376.00,3396,-231,0,2438,73
01/23/2017,17:43:51,40628.3,00:15:32,8.1,0,2280,29,208,179,56.508,86%,72.65,376.00,376.00,2280,-324,0,2439,73
01/23/2017,18:33:40,40636.4,00:16:25,7.5,0,2857,37,179,142,56.508,86%,72.67,376.00,376.00,2857,-243,0,2439,73
01/24/2017,6:17:12,40643.9,00:13:21,9.9,0,3253,43,231,188,56.514,86%,72.67,376.00,376.00,3253,-182,0,2441,73
01/24/2017,12:44:36,40653.8,00:15:34,9.9,0,3589,46,187,141,56.514,86%,72.67,376.00,376.00,3589,-323,0,2441,73
01/24/2017,14:56:13,40663.8,00:06:00,3.7,0,1237,15,219,204,56.514,86%,72.67,376.00,376.00,1237,-67,0,2442,73
01/24/2017,15:33:40,40667.5,00:00:43,0.6,0,162,2,189,187,56.514,86%,72.67,376.00,376.00,162,0,0,2442,73
01/25/2017,6:24:17,40671.8,00:14:16,9.9,0,3136,40,228,188,56.514,86%,72.67,376.00,376.00,3136,-188,0,2444,73
01/25/2017,15:34:48,40681.8,00:16:33,9.9,0,3727,48,187,139,56.514,86%,72.67,376.00,376.00,3727,-398,0,2444,73
01/25/2017,18:14:19,40692.3,00:15:27,11.8,0,3383,46,229,183,56.514,86%,72.64,376.00,376.00,3383,-184,0,2445,73
01/25/2017,18:35:39,40704.1,00:17:26,13.0,0,4069,52,182,130,56.501,86%,72.65,376.00,376.00,4069,-329,0,2445,73
01/26/2017,6:18:49,40717.2,00:14:23,9.3,0,3034,40,229,189,56.508,86%,72.65,376.00,376.00,3034,-225,0,2447,73
01/26/2017,15:39:25,40726.5,00:15:55,9.9,0,3317,43,188,145,56.508,86%,72.65,376.00,376.00,3317,-377,0,2447,73
01/26/2017,17:05:51,40736.5,00:20:33,15.5,0,5097,67,193,126,56.508,86%,72.63,376.00,376.00,5097,-467,0,2448,73
01/26/2017,18:15:48,40752.0,00:23:42,16.2,0,5239,66,125,59,56.495,86%,72.61,376.00,376.00,5239,-548,0,2448,73
01/27/2017,6:21:20,40768.1,00:13:22,9.9,0,3189,42,230,188,56.488,86%,72.62,376.00,376.00,3189,-208,0,2450,73
01/27/2017,15:14:36,40778.1,00:14:38,9.3,0,3502,45,187,142,56.495,86%,72.62,376.00,376.00,3502,-318,0,2450,73
01/27/2017,16:22:46,40787.4,00:45:26,25.5,0,7927,101,175,74,56.495,86%,72.64,376.00,376.00,7927,-795,0,2451,73
01/27/2017,20:44:57,40812.9,00:48:04,35.4,0,9602,123,222,99,56.501,86%,72.67,376.00,376.00,9602,-1054,0,2452,73
01/28/2017,14:38:09,40853.9,00:12:20,1.2,0,888,10,74,64,56.514,86%,72.67,376.00,376.00,888,-82,0,2452,73
01/28/2017,14:57:47,39060.6,00:20:20,1794.5,0,-6082,-77,75,152,56.514,86%,72.67,376.00,376.00,0,-6082,-6082,2452,74
01/28/2017,15:18:39,40855.1,00:30:23,28.0,0,8596,109,152,43,56.514,86%,72.65,376.00,376.00,8596,-1024,-6082,2452,74
01/29/2017,10:56:44,40883.1,00:19:48,15.5,0,5228,68,230,162,56.508,86%,72.65,376.00,376.00,5228,-306,0,2455,74
01/29/2017,12:02:52,40898.6,00:04:39,1.2,0,376,3,161,158,56.508,86%,72.65,376.00,376.00,376,-61,0,2455,74
01/29/2017,13:05:01,40901.1,00:58:45,4.3,0,1475,19,150,131,56.508,86%,72.60,376.00,376.00,1475,-171,0,2455,74
01/29/2017,16:12:33,40905.5,00:17:27,12.4,0,3278,43,131,88,56.488,86%,72.55,376.00,376.00,3278,-522,0,2455,74
01/29/2017,18:53:31,40917.9,00:09:47,6.2,0,1729,23,184,161,56.468,86%,72.49,376.00,376.00,1729,-431,0,2456,74
01/29/2017,19:26:29,40924.1,00:11:19,6.8,0,2944,35,160,125,56.442,86%,72.49,376.00,376.00,2944,-223,0,2456,74
01/30/2017,6:19:59,40930.9,00:15:27,9.3,0,3135,40,230,190,56.442,86%,72.49,376.00,376.00,3135,-229,0,2458,74
01/30/2017,15:35:28,40940.3,00:14:52,9.9,0,3673,47,185,138,56.442,86%,72.49,376.00,376.00,3673,-314,0,2458,74
01/31/2017,6:12:58,40950.2,00:13:04,9.9,0,3287,42,226,184,56.442,86%,72.49,376.00,376.00,3287,-206,0,2460,74
01/31/2017,15:36:17,40960.2,00:15:24,9.9,0,4016,51,177,126,56.442,86%,72.49,376.00,376.00,4016,-315,0,2460,74
01/31/2017,17:19:05,40970.1,00:45:49,13.7,0,5002,64,189,125,56.442,86%,72.48,376.00,376.00,5002,-647,0,2461,74
01/31/2017,18:25:54,40983.8,00:18:22,7.5,0,3062,38,123,85,56.436,86%,72.48,376.00,376.00,3062,-411,0,2461,74
01/31/2017,19:19:52,40991.2,00:10:04,6.2,0,1920,26,109,83,56.436,86%,72.49,376.00,376.00,1920,-457,0,2462,74
01/31/2017,19:41:37,40997.4,00:09:51,6.2,0,1983,23,82,59,56.442,86%,72.49,376.00,376.00,1983,-388,0,2462,74
02/01/2017,6:20:54,41003.6,00:13:52,9.9,0,3070,41,228,187,56.442,86%,72.49,376.00,376.00,3070,-168,0,2464,74
02/01/2017,15:21:04,41013.6,00:29:21,9.9,0,4242,55,186,131,56.442,86%,72.49,376.00,376.00,4242,-392,0,2464,74
02/01/2017,16:53:54,41023.5,00:20:00,15.5,0,5313,68,174,106,56.442,86%,72.50,376.00,376.00,5313,-343,0,2465,74
02/01/2017,18:38:24,41039.1,00:46:34,34.8,0,10333,138,160,22,56.449,86%,72.51,376.00,376.00,10333,-713,0,2466,74
02/02/2017,6:26:28,41073.9,00:13:16,9.3,0,3228,41,227,186,56.449,86%,72.51,376.00,376.00,3228,-182,0,2468,74
02/02/2017,15:40:54,41083.2,00:14:48,9.9,0,3822,49,181,132,56.449,86%,72.51,376.00,376.00,3822,-291,0,2468,74
02/02/2017,18:21:18,41093.1,00:34:36,25.5,0,8699,114,215,101,56.449,86%,72.55,376.00,376.00,8699,-633,0,2469,74
02/02/2017,21:32:44,41118.6,00:34:32,14.9,0,5117,66,196,130,56.468,86%,72.66,376.00,376.00,5117,-431,0,2470,74
02/02/2017,22:30:17,39060.6,00:03:09,2072.9,0,-125,-2,147,149,56.508,86%,72.66,376.00,376.00,0,0,-125,2471,74
02/03/2017,6:19:02,41133.5,00:14:46,9.3,0,2976,40,228,188,56.508,86%,72.66,376.00,376.00,2976,-206,0,2472,74
02/03/2017,8:11:00,41142.8,00:08:24,6.2,0,2830,37,186,149,56.508,86%,72.66,376.00,376.00,2830,-159,0,2472,74
02/03/2017,8:53:28,41149.1,00:09:47,6.2,0,2545,31,148,117,56.508,86%,72.66,376.00,376.00,2545,-213,0,2472,74
02/03/2017,15:42:19,41155.3,00:26:00,10.6,0,4273,55,113,58,56.508,86%,72.66,376.00,360.17,4273,-348,0,2472,74
02/04/2017,14:09:02,41165.8,00:13:11,6.2,0,3154,41,236,195,56.508,86%,72.66,376.00,376.00,3154,-74,0,2473,74
02/04/2017,15:26:37,41172.0,00:13:29,6.8,0,2702,35,194,159,56.508,86%,72.66,376.00,376.00,2702,-261,0,2473,74
02/06/2017,6:30:26,41178.9,00:28:35,9.9,0,4342,57,224,167,56.508,86%,72.66,376.00,376.00,4342,-143,0,2475,74
02/06/2017,9:47:04,41188.8,00:57:32,18.0,0,8122,103,164,61,56.508,86%,72.66,376.00,376.00,8122,-270,0,2475,74
02/06/2017,15:28:45,41165.8,00:07:22,41.0,0,-373,-6,163,169,56.508,86%,72.66,376.00,376.00,0,0,-373,2477,74
02/06/2017,15:38:54,41206.8,00:59:10,11.2,0,5542,70,169,99,56.508,86%,72.66,376.00,376.00,5542,-270,-373,2477,74
02/06/2017,16:45:27,41218.0,00:18:37,8.7,0,3616,46,99,53,56.508,86%,72.66,376.00,376.00,3616,-196,0,2477,74
02/06/2017,17:38:30,41165.8,00:03:01,60.9,0,-156,-3,73,76,56.508,86%,72.66,376.00,376.00,0,0,-156,2478,74
02/06/2017,18:39:23,41226.7,00:04:02,0.0,0,-213,-2,127,129,56.508,86%,72.66,376.00,376.00,0,0,-213,2478,74
02/08/2017,6:26:41,41232.3,00:07:21,4.3,0,1094,13,203,190,56.508,86%,72.66,376.00,376.00,1094,-71,0,2481,74
02/08/2017,15:27:54,41236.7,00:16:58,9.3,0,3939,50,189,139,56.508,86%,72.66,376.00,376.00,3939,-315,0,2481,74
02/08/2017,18:19:47,41246.0,00:33:46,21.1,0,7073,92,215,123,56.508,86%,72.66,376.00,376.00,7073,-347,0,2482,74
02/08/2017,18:57:14,41267.1,00:12:22,6.2,0,2072,26,122,96,56.508,86%,72.67,376.00,376.00,2072,-235,0,2482,74
02/09/2017,6:23:15,41273.3,00:16:06,9.3,0,2970,38,228,190,56.514,86%,72.67,376.00,376.00,2970,-236,0,2484,74
02/09/2017,7:04:19,41282.6,00:01:52,0.6,0,248,1,189,188,56.514,86%,72.67,376.00,376.00,248,-6,0,2484,74
02/09/2017,15:32:52,41283.3,00:16:27,9.9,0,3375,45,187,142,56.514,86%,72.66,376.00,376.00,3375,-397,0,2484,74
02/09/2017,18:24:15,41293.2,00:29:59,22.4,0,6499,86,226,140,56.508,86%,72.64,376.00,376.00,6499,-422,0,2485,74
02/09/2017,20:14:49,41315.6,00:28:13,21.7,0,7789,103,139,36,56.501,86%,72.64,376.00,376.00,7789,-599,0,2485,74
02/09/2017,21:52:53,41226.7,00:19:25,110.6,0,-1004,-17,80,97,56.501,86%,72.64,376.00,376.00,0,0,-1004,2486,74
02/10/2017,6:23:42,41337.3,00:14:52,9.9,0,3110,41,232,191,56.501,86%,72.62,376.00,376.00,3110,-225,0,2487,74
02/10/2017,12:33:22,41347.3,00:10:46,6.2,0,2573,33,190,157,56.495,86%,72.62,376.00,376.00,2573,-239,0,2487,74
02/10/2017,12:48:12,41353.5,00:28:27,16.2,0,5017,63,156,93,56.495,86%,72.63,376.00,376.00,5017,-432,0,2487,74
02/10/2017,13:21:54,41337.3,00:02:49,32.3,0,-1374,-18,95,113,56.495,86%,72.63,376.00,376.00,0,-1374,-1374,2487,75
02/10/2017,13:40:23,41369.6,00:21:13,14.9,0,4361,54,173,119,56.495,86%,72.75,376.00,376.00,4361,-538,0,2487,75
02/10/2017,14:07:29,41369.6,00:28:27,14.9,0,-931,-11,120,131,56.547,86%,72.75,376.00,376.00,0,0,-931,2488,75
02/10/2017,16:59:03,41384.6,00:20:35,15.5,0,4710,62,228,166,56.547,86%,72.78,376.00,376.00,4710,-409,0,2488,75
02/10/2017,18:23:20,41400.1,00:21:25,16.2,0,5418,71,165,94,56.554,86%,72.89,376.00,376.00,5418,-402,0,2488,75
02/10/2017,18:56:46,41384.6,00:02:52,31.7,0,-145,-3,100,103,56.600,86%,72.89,376.00,376.00,0,0,-145,2489,75
02/11/2017,10:29:41,41416.2,00:00:54,0.0,0,-81,0,199,199,56.600,86%,72.89,376.00,376.00,0,0,-81,2490,75
02/11/2017,17:25:12,41416.9,00:22:26,11.8,0,3871,51,223,172,56.600,86%,72.89,376.00,376.00,3871,-372,0,2491,75
02/11/2017,17:49:42,41428.7,00:21:03,12.4,0,3683,46,171,125,56.600,86%,72.89,376.00,376.00,3683,-545,0,2491,75
02/12/2017,16:25:46,41443.0,00:10:02,4.3,0,2023,27,220,193,56.600,86%,72.89,376.00,376.00,2023,-119,0,2494,75
02/12/2017,16:37:01,41447.3,01:26:42,9.9,0,3722,47,192,145,56.600,86%,72.89,381.50,381.50,3722,-414,0,2494,75
02/12/2017,18:04:07,41458.5,00:22:04,11.8,0,3233,43,139,96,56.600,86%,72.89,381.50,381.50,3233,-449,0,2494,75
02/12/2017,18:35:32,41470.3,00:15:34,8.7,0,2699,35,96,61,56.600,86%,72.89,381.50,381.50,2699,-424,0,2494,75
02/12/2017,18:52:22,41479.0,00:02:04,0.0,0,-107,0,61,61,56.600,86%,72.89,360.00,362.00,0,0,-107,2495,75
02/13/2017,6:20:06,41479.0,00:05:30,3.1,0,1066,14,231,217,56.600,86%,72.89,362.00,362.00,1066,-101,0,2496,75
02/13/2017,15:17:19,41488.3,00:14:02,9.9,0,3008,39,194,155,56.600,86%,72.89,362.00,362.00,3008,-396,0,2496,75
02/13/2017,21:25:59,41505.1,00:01:10,0.6,0,143,2,178,176,56.593,86%,72.85,362.00,362.00,143,-50,0,2497,75
02/13/2017,21:28:12,41506.3,00:09:08,5.6,0,1746,23,173,150,56.593,86%,72.82,362.00,362.00,1746,-345,0,2497,75
02/14/2017,6:27:57,41511.9,00:13:26,9.3,0,2790,36,228,192,56.573,86%,72.82,379.50,379.50,2790,-263,0,2499,75
02/14/2017,15:37:15,41521.9,00:13:05,9.3,0,2736,37,191,154,56.573,86%,72.82,379.50,379.50,2736,-425,0,2499,75
02/15/2017,6:24:57,41531.2,00:14:22,9.9,0,2870,36,227,191,56.573,86%,72.82,379.50,379.50,2870,-311,0,2501,75
02/15/2017,15:40:32,41541.1,00:16:21,9.3,0,3152,42,186,144,56.573,86%,72.79,384.00,384.00,3152,-412,0,2501,75
02/15/2017,15:57:39,41550.5,00:48:10,0.0,0,-576,-7,144,151,56.560,86%,72.79,376.00,376.00,3152,0,-576,2502,75
02/15/2017,16:46:01,41550.5,00:01:59,0.0,0,-95,-1,176,177,56.560,86%,72.79,376.00,376.00,0,0,-95,2502,75
02/18/2017,21:29:25,41595.8,00:03:51,67.1,0,-188,-2,158,160,56.475,86%,72.57,376.00,376.00,0,0,-188,2513,75
02/22/2017,15:23:42,41689.6,00:14:20,9.3,0,3587,47,181,134,56.475,86%,72.57,376.00,376.00,3587,-308,0,2519,75
02/22/2017,18:25:37,41702.1,00:11:23,9.9,0,2501,35,196,161,56.475,86%,72.52,376.00,376.00,2501,-200,0,2520,75
02/22/2017,18:44:57,41712.0,00:18:45,12.4,0,4526,57,160,103,56.455,86%,72.60,376.00,376.00,4526,-339,0,2520,75
02/23/2017,16:31:11,41725.7,00:03:16,19.3,0,-157,-2,161,163,56.475,86%,72.58,376.00,385.76,0,0,-157,2526,75
